{
  "r2_test": 0.9557,
  "r2_train": 0.9957,
  "accuracy_pct": 95.57,
  "mae": 0.0143,
  "rmse": 0.0335,
  "cv_r2": 0.9853,
  "n_countries": 192,
  "coefficients": {
    "Life_Expectancy": 0.004384,
    "Expected_Years_Schooling": 0.008286,
    "Mean_Years_Schooling": 0.013208,
    "GNI_log": 0.05397
  },
  "intercept": -0.324105
}